[
    {
       "flags":{
          "png":"https://flagcdn.com/w320/es.png",
          "svg":"https://flagcdn.com/es.svg"
       },
       "name":"Spain",
       "languages":"Spanish"
    },
    {
       "flags":{
          "png":"https://flagcdn.com/w320/gb.png",
          "svg":"https://flagcdn.com/gb.svg"
       },
       "name":"United Kingdom",
       "languages":"English"
    },
    {
       "flags":{
          "png":"https://flagcdn.com/w320/in.png",
          "svg":"https://flagcdn.com/in.svg"
       },
       "name":"India",
       "languages":"Hindi"
    },
    {
       "flags":{
          "png":"https://flagcdn.com/w320/de.png",
          "svg":"https://flagcdn.com/de.svg"
       },
       "name":"Germany",
       "languages":"German"
    },
    {
       "flags":{
          "png":"https://flagcdn.com/w320/fr.png",
          "svg":"https://flagcdn.com/fr.svg"
       },
       "name":"France",
       "languages":"French"
    },
    {
       "flags":{
          "png":"https://flagcdn.com/w320/bq.png",
          "svg":"https://flagcdn.com/bq.svg"
       },
       "name":"Netherlands",
       "languages":"Dutch"
    }
 ]
